question,option1,option2,option3,option4,correct_option,genre,difficulty,hint,option_explanations
FIFAワールドカップで日本代表が初めて決勝トーナメントに進出した大会はどれでしょうか？,2002年日韓大会,1998年フランス大会,2010年南アフリカ大会,2006年ドイツ大会,1,サッカー,easy,,日本代表が初めてW杯決勝トーナメント（ベスト16）に進出した大会です。国内開催という地の利を活かし、トルコ戦まで進出しました。|これは日本代表が初めてW杯本大会に出場した記念すべき大会ですが、残念ながらグループステージで3連敗し、決勝トーナメントには進出できませんでした。|この大会でも日本は決勝トーナメントに進出しましたが、「初めて」ではありません。2002年大会が初進出となります。|この大会ではグループステージで1勝もできず敗退し、決勝トーナメントに進むことができませんでした。
サッカー日本代表の愛称として正しいものはどれでしょうか？,サムライブルー,ブルーウルフ,レッドドラゴン,ライトニングジャパン,1,サッカー,easy,,「サムライブルー」は日本代表の公式愛称で、日本の武士道精神と青いユニフォームに由来しています。|実在しない造語です。日本代表の公式愛称ではありません。|実在しない愛称です。赤いユニフォームを使用する国の愛称に近いイメージがありますが、日本代表とは関係ありません。|実在しない造語です。日本代表の公式愛称は「サムライブルー」です。
ワールドカップで優勝回数が最も多い国はどれでしょうか？,ブラジル,ドイツ,アルゼンチン,イタリア,1,サッカー,easy,,ブラジルは5回の優勝を誇り、W杯史上最多の優勝回数を持つサッカー王国です。ペレやロナウドなど伝説的な選手を輩出しています。|ドイツは4回の優勝で、ブラジルに次ぐ強豪国ですが、最多ではありません。|アルゼンチンは3回の優勝（2022年時点）で、メッシが最近優勝を果たしましたが、ブラジルには及びません。|イタリアは4回の優勝で、ドイツと並びますが、ブラジルの5回には及びません。
サッカーにおいて、1試合のプレー時間（前後半）として正しいものはどれでしょうか？,90分,80分,100分,70分,1,サッカー,easy,,サッカーは前半45分＋後半45分の合計90分が基本のプレー時間です。これにアディショナルタイムが加わります。|80分はサッカーの公式試合時間ではありません。ラグビーなどは80分ですが、サッカーは90分です。|100分はサッカーの通常試合時間ではありません。延長戦が行われた場合は120分（90分＋30分）になることがあります。|70分は公式試合時間として短すぎます。ユース年代の一部試合で短縮されることもありますが、正式な試合は90分です。
2022年ワールドカップで日本が逆転勝利を収めた相手として正しいものはどれでしょうか？,ドイツ,スペイン,クロアチア,ベルギー,1,サッカー,normal,,日本は2022年カタールW杯で強豪ドイツを相手に1-2から逆転勝利し、世界中を驚かせました。後半に堂安律と浅野拓磨がゴールを決めました。|スペイン戦でも日本は逆転勝利を収めましたが、問題文では「逆転勝利を収めた相手」の一つを聞いています。ドイツが最初の逆転勝利となりました。|クロアチアとは決勝トーナメント1回戦で対戦しましたが、PK戦の末に敗退しました。逆転勝利ではありません。|ベルギーとは2022年大会では対戦していません。2018年ロシアW杯で対戦し、2-3で惜敗しました。
サッカーで「ボランチ」と呼ばれるポジションはどの位置でしょうか？,守備的MF,サイドバック,トップ下,センターフォワード,1,サッカー,normal,,ボランチはポルトガル語で「舵取り」を意味し、中盤の底で守備と攻撃の起点となる守備的MFのことです。遠藤航や柴崎岳などが代表的な選手です。|サイドバックはディフェンスラインの両端に位置する選手で、ボランチとは異なります。|トップ下は攻撃的MFで、前線の選手にパスを送る役割です。ボランチより攻撃的な位置にいます。|センターフォワードは最前線で得点を狙うポジションで、ボランチとは全く異なる役割です。
VAR（ビデオアシスタントレフェリー）の主な目的として正しいものはどれでしょうか？,重大な判定ミスの防止,試合時間の短縮,選手交代の管理,観客動員の増加,1,サッカー,normal,,VARは得点、PK、レッドカード、人違いなど重大な判定ミスを映像で確認・修正するシステムです。審判の判断を補助し、公平性を高めます。|VARの導入により確認時間が増え、試合時間は逆に長くなる傾向があります。短縮が目的ではありません。|選手交代の管理は第四の審判が行います。VARは判定の確認が主目的です。|観客動員はVARの目的ではありません。公正な判定により試合の質を向上させることが目的です。
UEFAチャンピオンズリーグの優勝回数が最多のクラブはどこでしょうか？,レアル・マドリード,ACミラン,バルセロナ,バイエルン,1,サッカー,normal,,レアル・マドリードは14回の優勝（2022年時点）を誇り、欧州最強のクラブとして君臨しています。クリスティアーノ・ロナウドなどのスター選手が活躍しました。|ACミランは7回の優勝で歴史ある強豪ですが、レアル・マドリードには及びません。|バルセロナは5回の優勝で、メッシ時代に黄金期を築きましたが、レアルより少ないです。|バイエルン・ミュンヘンは6回の優勝で強豪ですが、レアルの14回には遠く及びません。
サッカー日本代表で、歴代最多得点記録を保持している選手は誰でしょうか？,三浦知良,本田圭佑,大迫勇也,香川真司,1,サッカー,hard,,三浦知良（カズ）は日本代表で55得点を記録し、歴代最多得点者です。「キングカズ」として日本サッカー界のレジェンドとして知られています。|本田圭佑は代表で37得点を記録した名選手ですが、カズの記録には及びません。|大迫勇也は「半端ない」で有名になった選手ですが、代表得点はカズより少ないです。|香川真司は代表で31得点を記録しましたが、カズの55得点には遠く及びません。
サッカーで「カテナチオ」と呼ばれる戦術の特徴として正しいものはどれでしょうか？,堅守速攻,超攻撃的プレス,ロングボール主体,中盤密集,1,サッカー,hard,,カテナチオはイタリア語で「かんぬき」を意味し、強固な守備から素早いカウンター攻撃を仕掛ける戦術です。1960年代のイタリアで確立されました。|超攻撃的プレスはカテナチオの真逆の戦術です。カテナチオは守備重視の戦術として知られています。|ロングボール主体は主にイングランドで用いられた戦術で、カテナチオとは異なります。|中盤密集はティキタカなど別の戦術の特徴で、カテナチオは守備ライン重視です。
日本が初めてオリンピックに参加したのはどの大会でしょうか？,1912年ストックホルム大会,1920年アントワープ大会,1936年ベルリン大会,1908年ロンドン大会,1,夏季オリンピック,easy,,1912年ストックホルム大会に金栗四三（マラソン）と三島弥彦（短距離）の2名が日本人として初めて五輪に参加しました。日本スポーツ史の記念すべき第一歩です。|1920年アントワープ大会は日本が2回目に参加した大会で、初参加ではありません。|1936年ベルリン大会は田島直人が三段跳びで金メダルを獲得した大会ですが、初参加ではありません。|1908年ロンドン大会の時点では、日本はまだオリンピックに参加していませんでした。
100m走で「人類最速の男」と呼ばれるウサイン・ボルトの国籍はどこでしょうか？,ジャマイカ,アメリカ,イギリス,カナダ,1,夏季オリンピック,easy,,ウサイン・ボルトはジャマイカ出身で、100m・200m・4×100mリレーで世界記録を保持する史上最速のスプリンターです。オリンピック8個の金メダルを獲得しました。|アメリカは陸上短距離の強豪国ですが、ボルトはジャマイカ出身です。カール・ルイスなどアメリカの名選手も多数います。|イギリスも陸上競技が盛んですが、ボルトの出身国ではありません。|カナダはベン・ジョンソンなど短距離選手を輩出していますが、ボルトはジャマイカ出身です。
オリンピックで使われる五輪マークの輪は何色でしょうか？,青・黄・黒・緑・赤,青・紫・黒・緑・赤,青・黄・白・緑・赤,青・橙・黒・緑・赤,1,夏季オリンピック,easy,,五輪マークは青・黄・黒・緑・赤の5色で構成され、それぞれ五大陸（ヨーロッパ、アジア、アフリカ、オセアニア、アメリカ）を象徴しています。|紫色は五輪マークには含まれていません。正しくは青・黄・黒・緑・赤の5色です。|白色は五輪マークには含まれていません。背景が白いだけで、輪の色ではありません。|橙（オレンジ）色は五輪マークには含まれていません。正しくは青・黄・黒・緑・赤です。
日本女子レスリングで五輪4連覇を達成した選手は誰でしょうか？,伊調馨,吉田沙保里,登坂絵莉,川井梨紗子,1,夏季オリンピック,easy,,伊調馨は2004年アテネから2016年リオまで4大会連続で金メダルを獲得し、女子個人種目では世界初の4連覇を達成しました。国民栄誉賞も受賞しています。|吉田沙保里は3連覇（2004年、2008年、2012年）を達成しましたが、2016年リオで銀メダルとなり4連覇は逃しました。それでも偉大な選手です。|登坂絵莉は2016年リオで金メダルを獲得しましたが、4連覇は達成していません。|川井梨紗子は東京2020で金メダルを獲得しましたが、4連覇は達成していません。
東京2020大会でスケートボード男子ストリート金メダルを獲得した選手は誰でしょうか？,堀米雄斗,白井空良,ナイジャ・ヒューストン,八木勇征,1,夏季オリンピック,normal,,堀米雄斗は東京2020で初めて正式種目となったスケートボード男子ストリートで金メダルを獲得し、記念すべき初代王者となりました。アメリカを拠点に活躍しています。|白井空良も日本のスケートボード選手ですが、東京2020では銅メダルを獲得しました。金メダルは堀米雄斗です。|ナイジャ・ヒューストンはアメリカの有名なスケートボーダーですが、東京2020では7位でした。|八木勇征は別の競技の選手です。スケートボードストリートの金メダリストは堀米雄斗です。
オリンピックの開催都市が「立候補→選出」される仕組みを管理する団体はどれでしょうか？,IOC（国際オリンピック委員会）,IFA,UNESCO,FIFA,1,夏季オリンピック,normal,,IOC（国際オリンピック委員会）はオリンピックの開催都市選定、ルール策定、運営全般を統括する国際組織です。本部はスイスのローザンヌにあります。|IFAは存在しない略称です。サッカーの国際組織はFIFAです。|UNESCOは国連教育科学文化機関で、世界遺産などを扱いますが、オリンピック開催都市の選定は行いません。|FIFAは国際サッカー連盟で、ワールドカップを管理しますが、オリンピックはIOCが管理します。
陸上競技の「十種競技」は主にどのような能力を総合的に競う種目でしょうか？,スピード・力・技術の総合力,持久力のみ,球技力,跳躍力のみ,1,夏季オリンピック,normal,,十種競技は100m、走幅跳、砲丸投、走高跳、400m、110mハードル、円盤投、棒高跳、やり投、1500mの10種目で、スピード・パワー・技術・持久力すべてが求められる「キング・オブ・アスリート」です。|十種競技は1500mも含まれますが、短距離や跳躍など持久力以外の能力も幅広く必要とされます。|球技力は十種競技では求められません。陸上競技の走・跳・投の総合力が試されます。|跳躍種目も含まれますが、それだけではなく走・投擲なども含む総合競技です。
水泳の自由形で長距離種目に分類されるのはどれでしょうか？,1500m,200m,100m,50m,1,夏季オリンピック,normal,,1500m自由形は水泳の中で最も長い距離で、持久力と泳ぎの効率性が求められる種目です。男子のみ五輪種目で、女子は800mが最長です。|200mは中距離種目に分類され、スピードと持久力の両方が必要ですが、長距離ではありません。|100mは短距離種目で、爆発的なスピードが求められます。長距離ではありません。|50mは最も短い距離の種目で、純粋なスピード勝負です。長距離の対極にあります。
「ドーピング検査」が特に厳格に行われる理由として正しいものはどれでしょうか？,選手の公平性と健康を守るため,試合時間を短縮するため,観客の増加を狙うため,放送スケジュールに合わせるため,1,夏季オリンピック,hard,,ドーピングは禁止薬物を使用して不正に競技力を高める行為で、選手間の公平性を損ない、また選手の健康を著しく害するため、厳格な検査と罰則が設けられています。スポーツの精神に反する行為です。|ドーピング検査は試合時間の短縮とは無関係です。むしろ検査に時間がかかります。|観客増加はドーピング検査の目的ではありません。公平性と健康保護が主目的です。|放送スケジュールはドーピング検査とは関係ありません。選手の健康と公平性を守ることが目的です。
近代オリンピックを創設した人物は誰でしょうか？,クーベルタン男爵,ネルソン・マンデラ,リンカーン大統領,ガンジー,1,夏季オリンピック,hard,,ピエール・ド・クーベルタン男爵（フランス）が古代ギリシャのオリンピックを復興させ、1896年に第1回近代オリンピックをアテネで開催しました。「参加することに意義がある」の言葉でも有名です。|ネルソン・マンデラは南アフリカの反アパルトヘイト運動の指導者で、ノーベル平和賞受賞者ですが、オリンピックの創設者ではありません。|エイブラハム・リンカーンはアメリカ第16代大統領で奴隷解放を行いましたが、オリンピックとは無関係です。|マハトマ・ガンジーはインド独立運動の指導者ですが、オリンピック創設とは関係ありません。
アフリカ大陸で面積が最も大きい国はどれでしょうか？,アルジェリア,コンゴ民主共和国,スーダン,リビア,1,世界地図,easy,,アルジェリアは約238万km²の国土を持ち、アフリカ大陸で最大の面積を誇ります。サハラ砂漠の大部分を含む北アフリカの大国です。|コンゴ民主共和国はアフリカ第2位の面積を持つ国で、約234万km²です。熱帯雨林が広がる中央アフリカの国です。|スーダンは分離独立により面積が縮小し、現在は約188万km²でアフリカ第3位です。アルジェリアより小さくなりました。|リビアは約176万km²でアフリカ第4位の面積です。北アフリカに位置し、国土の大部分が砂漠地帯です。
ヨーロッパで唯一、国土全体が内陸国ではない国はどれでしょうか？,ノルウェー,スイス,オーストリア,ハンガリー,1,世界地図,easy,,ノルウェーは北海と大西洋に面する海洋国家で、フィヨルドで有名な美しい海岸線を持ちます。内陸国ではありません。|スイスはヨーロッパ中部の内陸国で、海に面していません。周囲をドイツ、フランス、イタリア、オーストリアなどに囲まれています。|オーストリアも海に面していない内陸国です。ヨーロッパ中央部に位置し、8か国と国境を接しています。|ハンガリーも内陸国で、海への直接的なアクセスはありません。東欧に位置し、7か国と国境を接しています。
世界で最も人口が多い国はどれでしょうか？,中国,インド,アメリカ,インドネシア,1,世界地図,easy,,中国は約14億人の人口を持ち、長年世界第1位の人口大国でしたが、2023年頃にインドに抜かれたとされています。歴史的に正解でした。|インドは約14億人以上の人口を持ち、2023年頃に中国を抜いて世界第1位になったとされています。現在では最多の可能性が高いです。|アメリカは約3.3億人の人口で世界第3位です。中国やインドと比べると人口は大きく少ないです。|インドネシアは約2.7億人で世界第4位の人口を持ちます。東南アジア最大の人口国ですが、中国やインドには及びません。
南アメリカ大陸で公用語が「英語」の国はどれでしょうか？,ガイアナ,ブラジル,アルゼンチン,チリ,1,世界地図,easy,,ガイアナは南米で唯一英語を公用語とする国です。イギリスの植民地だった歴史があり、現在も英連邦加盟国です。|ブラジルはポルトガル語を公用語とする国で、南米最大の面積と人口を持ちます。ポルトガルの植民地でした。|アルゼンチンはスペイン語を公用語とする国です。南米の多くの国と同様、スペインの植民地支配を受けた歴史があります。|チリもスペイン語を公用語とする国です。南米大陸の西海岸に細長く伸びる国で、スペインの影響を受けました。
国旗に赤い丸（太陽）を中央に配した国はどれでしょうか？,日本,バングラデシュ,ラオス,グリーンランド,1,世界地図,normal,,日本の国旗「日章旗」は白地の中央に赤い円を配し、太陽を象徴しています。日の丸として親しまれています。|バングラデシュの国旗も赤い丸がありますが、中央よりやや左寄りに配置されており、緑の背景に赤い太陽を表現しています。|ラオスの国旗は青・赤・青の横縞に白い円が中央に配置されており、赤い丸ではありません。月を象徴しています。|グリーンランドの国旗は白と赤の二色で、円が半分ずつ配色されたデザインです。中央の赤い丸とは異なります。
ヨーロッパとアジアの境界を形成する山脈はどれでしょうか？,ウラル山脈,アルプス山脈,ピレネー山脈,カフカス山脈,1,世界地図,normal,,ウラル山脈はロシア西部を南北に走り、ヨーロッパとアジアの地理的境界とされています。約2500kmに及ぶ長大な山脈です。|アルプス山脈はヨーロッパ中南部を東西に走る山脈で、ヨーロッパ域内の地形です。ヨーロッパとアジアの境界ではありません。|ピレネー山脈はフランスとスペインの国境を形成する山脈で、イベリア半島とヨーロッパ本土を分けています。アジアとは無関係です。|カフカス山脈も一部でヨーロッパとアジアの境界とされることがありますが、一般的にはウラル山脈が主要な境界として知られています。
面積が世界で最も大きい湖として知られるのはどれでしょうか？,カスピ海,スペリオル湖,ビクトリア湖,タンガニーカ湖,1,世界地図,normal,,カスピ海は約37万km²の面積を持ち、世界最大の湖です。塩水を含む内陸の閉鎖水域で、「海」と名付けられていますが湖に分類されます。|スペリオル湖は北アメリカの五大湖の一つで、淡水湖としては世界最大（約8.2万km²）ですが、カスピ海には及びません。|ビクトリア湖はアフリカ最大の湖で約6.9万km²の面積を持ちますが、世界全体では第3位です。ナイル川の水源の一つです。|タンガニーカ湖はアフリカの大地溝帯にある細長い湖で約3.3万km²です。世界で2番目に深い湖として知られています。
世界で最も標高が高い山「エベレスト」が位置する国はどれでしょうか？,ネパール・中国,パキスタン,インド,ブータン,1,世界地図,normal,,エベレスト（標高8849m）はネパールと中国（チベット自治区）の国境に位置する世界最高峰です。両国から登山が可能です。|パキスタンにはK2（世界第2位の高峰）など高い山がありますが、エベレストはネパールと中国の国境にあり、パキスタンではありません。|インドにもヒマラヤ山脈の一部がありますが、エベレストはインド領内ではなく、ネパールと中国の国境上にあります。|ブータンはヒマラヤ山脈の東部に位置する国ですが、エベレストはブータンの西方、ネパールと中国の国境にあります。
北極圏に属する国のうち、国土の大部分が氷で覆われている地域を持つ国はどれでしょうか？,グリーンランド（デンマーク領）,アイスランド,カナダ,ロシア,1,世界地図,hard,,グリーンランドは世界最大の島で、国土の約80%が氷床に覆われています。デンマークの自治領として北極圏に位置します。|アイスランドは北大西洋の島国で、名前に「氷」が含まれますが、実際には国土の大部分が氷で覆われているわけではありません。氷河は約11%程度です。|カナダは北極圏に領土を持ちますが、国土全体で見ると氷に覆われている割合は小さく、大部分は陸地です。|ロシアも北極圏に広大な領土を持ちますが、国土全体としては氷で覆われている部分は限定的です。ツンドラや森林地帯が広がります。
世界でもっとも多くの島を持つ国はどれでしょうか？,スウェーデン,インドネシア,フィリピン,カナダ,1,世界地図,hard,,スウェーデンは約26万7千の島を持つとされ、統計上世界最多の島嶼国です。バルト海沿岸に無数の小島があります。|インドネシアは約1万7千の島からなる世界最大の島嶼国ですが、島の総数ではスウェーデンに及びません。ただし大きな島が多いです。|フィリピンは約7600の島からなる島嶼国です。東南アジアに位置し、多くの島がありますが、スウェーデンほどではありません。|カナダは約3万6千の島を持ちますが、スウェーデンの島数には及びません。世界で2番目に広い国土を持ちます。
「ONE PIECE」で麦わらの一味の船医はどのキャラクターでしょうか？,トニートニー・チョッパー,ナミ,ニコ・ロビン,ウソップ,1,漫画,easy,,チョッパーはヒトヒトの実を食べたトナカイで、船医として医療知識と治療技術を持ちます。可愛らしい外見ですが頼れる仲間です。|ナミは航海士として麦わらの一味に所属しています。天候を読む能力に優れ、航海には欠かせない存在ですが船医ではありません。|ニコ・ロビンは考古学者として一味に加わりました。古代文字を読める唯一の人物ですが、医療の専門家ではありません。|ウソップは狙撃手として活躍するメンバーです。発明の才能もありますが、船医の役割はチョッパーが担当しています。
「鬼滅の刃」で主人公・竈門炭治郎が最初に使った呼吸法はどれでしょうか？,水の呼吸,炎の呼吸,雷の呼吸,岩の呼吸,1,漫画,easy,,炭治郎は育手である鱗滝左近次から水の呼吸を学び、鬼殺隊の試験に合格しました。後にヒノカミ神楽も使用します。|炎の呼吸は煉獄杏寿郎が使う呼吸法です。炎柱として強力な技を持ちますが、炭治郎が最初に習得したのは水の呼吸です。|雷の呼吸は我妻善逸が使う呼吸法で、高速の剣技が特徴です。炭治郎は雷の呼吸を使いません。|岩の呼吸は悲鳴嶼行冥が使う最強クラスの呼吸法ですが、炭治郎が学んだのは水の呼吸です。
「進撃の巨人」で主人公エレン・イェーガーが持つ巨人の能力は何でしょうか？,進撃の巨人,超大型巨人,鎧の巨人,女型の巨人,1,漫画,easy,,エレンは父グリシャから「進撃の巨人」と「始祖の巨人」の能力を継承しました。未来の記憶を見る能力も持ちます。|超大型巨人はベルトルトが持っていた能力で、後にアルミンが継承します。60m級の巨体と高熱の蒸気が特徴です。|鎧の巨人はライナー・ブラウンが持つ能力です。全身が硬質化した装甲で覆われており、高い防御力を誇ります。|女型の巨人はアニ・レオンハートが持つ能力です。格闘技術に優れ、他の巨人を呼び寄せる叫びも使えます。
「ONE PIECE」でルフィの兄・エースが所属していた海賊団はどれでしょうか？,白ひげ海賊団,赤髪海賊団,ビッグ・マム海賊団,百獣海賊団,1,漫画,normal,,エースは白ひげ海賊団の2番隊隊長として活躍し、「火拳のエース」として恐れられました。白ひげを父と慕っていました。|赤髪海賊団はシャンクスが率いる海賊団です。ルフィが憧れる海賊団ですが、エースが所属していたのは白ひげ海賊団です。|ビッグ・マム海賊団は四皇シャーロット・リンリンが率いる海賊団です。エースとは関係がありません。|百獣海賊団は四皇カイドウが率いる海賊団で、ワノ国編で登場します。エースの所属先ではありません。
「BLEACH」で主人公・黒崎一護が持つ斬魄刀の名前はどれでしょうか？,斬月,千本桜,流刃若火,神鑓,1,漫画,normal,,一護の斬魄刀は「斬月」という名前で、巨大な斬撃を放つ能力を持ちます。物語を通じて何度も進化します。|千本桜は朽木白哉の斬魄刀です。桜の花びらのような刃で敵を切り刻む美しく強力な能力を持ちます。|流刃若火は山本元柳斎重國の斬魄刀で、最古最強の炎系斬魄刀です。一護の武器ではありません。|神鑓は市丸ギンの斬魄刀で、超高速で伸縮する能力を持ちます。一護の斬魄刀は斬月です。
「銀魂」で主人公・坂田銀時が経営する店は何でしょうか？,万事屋,居酒屋,ラーメン屋,コンビニ,1,漫画,normal,,銀時は「万事屋銀ちゃん」として何でも屋を営んでいます。新八と神楽と共に様々な依頼をこなします。|居酒屋は登場しますが、銀時が経営しているのは万事屋です。たまに飲みに行く場面はあります。|ラーメン屋もよく登場しますが、銀時の職業ではありません。銀時はよくラーメンを食べに行きます。|コンビニも作中に登場しますが、銀時が経営しているのは何でも屋の万事屋です。
「キングダム」で主人公・信が所属する国はどれでしょうか？,秦,楚,趙,魏,1,漫画,normal,,信は秦国の歩兵から始まり、将軍を目指して戦場で活躍します。後に飛信隊を率いる将となります。|楚は南方の大国で、秦の統一戦争における主要な敵国の一つです。信の所属国ではありません。|趙は北方の強国で、李牧などの名将を擁します。秦と何度も激しい戦いを繰り広げる敵国です。|魏は中央に位置する国で、かつては強国でした。信が所属するのは秦国です。
「宇宙兄弟」で兄・南波六太が宇宙飛行士試験で受けた最終試験の舞台はどこでしょうか？,閉鎖環境施設,国際宇宙ステーション,月面基地,火星基地,1,漫画,normal,,六太は閉鎖環境施設で2週間の共同生活を行う試験を受けました。チームワークと精神力が試される過酷な試験です。|国際宇宙ステーションは宇宙飛行士になった後に行く場所で、試験の舞台ではありません。六太も後に滞在します。|月面基地は弟の日々人が活動する場所ですが、試験の舞台は地上の閉鎖環境施設です。|火星基地は六太の最終目標ですが、試験段階ではまだ存在していません。試験は閉鎖環境施設で行われました。
「DEATH NOTE」でLの本名として正しいものはどれでしょうか？,エル・ローライト,エル・ワタリ,エル・ニア,エル・メロ,1,漫画,normal,,Lの本名は「エル・ローライト（L Lawliet）」で、物語終盤で明かされます。世界一の探偵として活躍しました。|ワタリはLの協力者で世話役の老人です。Lの本名ではなく、Lをサポートする重要人物です。|ニアはLの後継者候補の一人で、本名はネイト・リバーです。Lの本名ではありません。|メロもLの後継者候補で、本名はミハエル・ケールです。Lとは別人です。
「こちら葛飾区亀有公園前派出所」で主人公・両津勘吉の階級はどれでしょうか？,巡査長,巡査部長,警部補,警部,1,漫画,normal,,両津勘吉は巡査長として長年派出所に勤務しています。昇進試験を受けても問題を起こして昇進できないことが多いです。|巡査部長は巡査長の上の階級です。両津は何度も昇進のチャンスがありましたが、トラブルで昇進できていません。|警部補はさらに上の階級で、両津の現在の階級よりかなり上です。|警部は幹部クラスの階級で、両津の階級とは大きく異なります。両津は巡査長です。
「進撃の巨人」でミカサ・アッカーマンが首に巻いているマフラーを渡したのは誰でしょうか？,エレン・イェーガー,アルミン・アルレルト,リヴァイ兵長,エレンの母親,1,漫画,normal,,エレンが幼い頃、人攫いに襲われたミカサを助けた際、自分のマフラーを巻いてあげました。ミカサにとって大切な思い出の品です。|アルミンは幼馴染の一人ですが、マフラーを渡したのはエレンです。アルミンは3人の中で最も知的なキャラクターです。|リヴァイ兵長は同じアッカーマン一族ですが、マフラーとは関係ありません。人類最強の兵士として活躍します。|エレンの母カルラは優しい人物でしたが、マフラーを渡したのはエレン自身です。
「ONE PIECE」でルフィの祖父であり海軍中将なのは誰でしょうか？,モンキー・D・ガープ,センゴク,つる,おつる,1,漫画,hard,,ガープは「海軍の英雄」と呼ばれる伝説的な中将で、ルフィとドラゴンの父・祖父です。ロジャーと何度も戦いました。|センゴクは元海軍元帥で、ガープの同期です。「智将」として知られますが、ルフィの祖父ではありません。|つる中将は海軍の参謀で、ガープやセンゴクと同世代の女性です。ルフィとは血縁関係がありません。|「おつる」という人物は海軍にいません。正しくはモンキー・D・ガープです。
「BLEACH」で護廷十三隊の総隊長を務める人物は誰でしょうか？,山本元柳斎重國,京楽春水,更木剣八,朽木白哉,1,漫画,hard,,山本元柳斎重國は千年以上護廷十三隊を率いる最強の死神で、炎系最強の斬魄刀「流刃若火」を持ちます。|京楽春水は八番隊隊長で、後に山本の後を継いで総隊長になりますが、当初の総隊長は山本元柳斎です。|更木剣八は十一番隊隊長で、戦闘狂として知られる強力な死神ですが、総隊長ではありません。|朽木白哉は六番隊隊長で、貴族出身の冷静な死神です。総隊長は山本元柳斎です。
「鬼滅の刃」で炎柱・煉獄杏寿郎が使う技「炎の呼吸 奥義」はどれでしょうか？,玖ノ型 煉獄,壱ノ型 不知火,肆ノ型 盛炎のうねり,伍ノ型 炎虎,1,漫画,hard,,「玖ノ型 煉獄」は煉獄杏寿郎の最強奥義で、映画「無限列車編」の猗窩座戦で使用されました。圧倒的な火力を誇ります。|「壱ノ型 不知火」は炎の呼吸の基本技の一つですが、最強奥義ではありません。|「肆ノ型 盛炎のうねり」も炎の呼吸の技の一つですが、玖ノ型が奥義です。|「伍ノ型 炎虎」は炎の呼吸の中級技ですが、最強の奥義は玖ノ型 煉獄です。
「進撃の巨人」でライナー・ブラウンが持つ巨人の能力はどれでしょうか？,鎧の巨人,超大型巨人,獣の巨人,顎の巨人,1,漫画,hard,,ライナーは全身が硬質化した装甲で覆われた「鎧の巨人」の継承者です。高い防御力と突進力を持ちます。|超大型巨人はベルトルトが持っていた能力で、後にアルミンが継承します。60mの巨体が特徴です。|獣の巨人はジーク・イェーガー（エレンの異母兄）が持つ能力です。投擲能力に優れています。|顎の巨人はユミルやポルコ、ファルコが継承した能力で、小型で素早く顎の力が強いのが特徴です。
「DEATH NOTE」で死神リュークが人間界に落としたデスノートは何冊目でしょうか？,2冊目,1冊目,3冊目,4冊目,1,漫画,hard,,リュークは退屈しのぎに自分が持っていた2冊目のデスノートを人間界に落としました。それを拾ったのが夜神月です。|1冊目のデスノートはリュークが死神界で使用していたもので、落としたのは2冊目です。|死神は基本的に2冊までしかデスノートを持てません。3冊目は存在しません。|4冊目という設定もありません。リュークが落としたのは自分の2冊目のノートです。
「キングダム」で秦国の六大将軍に数えられる王騎将軍の愛馬の名前はどれでしょうか？,松風,赤兎馬,絶影,的盧,1,漫画,hard,,王騎将軍の愛馬は「松風」という名前で、主人と共に数々の戦場を駆け抜けました。後に信に託されます。|赤兎馬は三国志の呂布や関羽が乗った名馬として有名ですが、キングダムの王騎の馬ではありません。|絶影も三国志に登場する名馬（曹操の愛馬）ですが、王騎の馬は松風です。|的盧も三国志の劉備の馬として知られますが、王騎の愛馬は松風です。
「銀魂」で真選組局長・近藤勲が片思いしている女性は誰でしょうか？,お妙,さっちゃん,月詠,神楽,1,漫画,hard,,近藤は新八の姉・志村妙（お妙さん）に一途な恋心を抱いています。ストーカー行為で毎回撃退されますが諦めません。|さっちゃんは始末屋で、銀時に片思いしています。近藤の恋の相手ではありません。|月詠は吉原の自警団「百華」の頭領で、銀時に好意を寄せています。近藤の相手ではありません。|神楽は万事屋の一員で、まだ若い少女です。近藤が恋しているのはお妙さんです。
「こちら葛飾区亀有公園前派出所」で両津勘吉の趣味として最も有名なのはどれでしょうか？,金儲け,読書,料理,釣り,1,漫画,hard,,両津の最大の趣味は金儲けで、様々な副業や商売を思いつきますが、大抵失敗して借金を作ります。|読書は両津の趣味ではありません。むしろ勉強嫌いで知られています。|料理も両津の特技ではありません。食べることは好きですが作るのは得意ではありません。|釣りを楽しむ場面もありますが、最も有名な趣味は金儲けです。
「宇宙兄弟」で弟・南波日々人が月面で最初に発見した謎の物体は何でしょうか？,UFOの痕跡のような跡,宇宙人の足跡,古代文明の遺跡,隕石のかけら,1,漫画,hard,,日々人は月面でUFOの痕跡のような謎の跡を発見し、それが物語の重要な伏線となります。宇宙の謎に迫る展開です。|宇宙人の足跡という直接的な証拠ではなく、UFO痕跡のような跡でした。|古代文明の遺跡という設定はありません。発見したのは謎の痕跡です。|隕石のかけらではなく、人工物のような痕跡を発見しました。
「NARUTO」でうちはマダラが月の眼計画で使用した禁術の名前はどれでしょうか？,無限月読,穢土転生,屍鬼封尽,八門遁甲,1,漫画,hard,,無限月読は月に映した写輪眼で全人類を幻術に閉じ込める究極の瞳術です。マダラの最終目的でした。|穢土転生は死者を蘇らせる禁術で、カブトやオロチマルが使用しました。月の眼計画の中核ではありません。|屍鬼封尽は四代目火影が使った封印術で、自分の魂と引き換えに敵を封印します。マダラの術ではありません。|八門遁甲はガイが使う体術の奥義で、幻術ではありません。マダラの計画とは無関係です。
「NARUTO」で六道仙人の本名として正しいものはどれでしょうか？,大筒木ハゴロモ,大筒木インドラ,大筒木アシュラ,大筒木カグヤ,1,漫画,hard,,六道仙人の本名は「大筒木ハゴロモ」で、忍の祖として知られます。チャクラを広めた伝説的な人物です。|大筒木インドラはハゴロモの長男で、うちは一族の祖となりました。六道仙人本人ではありません。|大筒木アシュラはハゴロモの次男で、千手一族の祖となりました。六道仙人の息子です。|大筒木カグヤはハゴロモの母で、最初にチャクラを得た人物です。六道仙人ではなくその母です。
「NARUTO」でカカシが写輪眼を得たきっかけとなった戦いで亡くなった仲間は誰でしょうか？,うちはオビト,はたけサクモ,のはらリン,波風ミナト,1,漫画,hard,,カカシは神無毘橋の戦いで瀕死のオビトから写輪眼を移植されました。オビトの遺志を継ぐ形で左目に写輪眼を得ました。|はたけサクモはカカシの父で「木ノ葉の白い牙」として恐れられましたが、写輪眼とは関係ありません。|のはらリンはカカシの仲間で医療忍者でしたが、写輪眼を渡したのはオビトです。リンは後に別の形で死亡します。|波風ミナトはカカシの師匠（四代目火影）で、写輪眼とは無関係です。九尾事件で死亡しました。
「NARUTO」で五代目火影・綱手の額にある「陰封印」の目的として正しいものはどれでしょうか？,チャクラを蓄積し一気に放出する,不老不死を実現する,敵の術を封印する,痛みを感じなくする,1,漫画,hard,,陰封印は綱手の額に長年蓄積したチャクラを封印し、「百豪の術」として一気に解放することで強大な力と再生能力を得ます。|不老不死ではなく、若さを保つ「創造再生」の術と併用されますが、陰封印自体はチャクラ蓄積が目的です。|敵の術を封印する能力ではなく、自分のチャクラを蓄える封印術です。|痛みを感じなくする効果はありません。チャクラを蓄積して強大な力を得るための封印です。
「NARUTO」でうちはイタチが万華鏡写輪眼を開眼したきっかけは何でしょうか？,親友うちはシスイの死,うちは一族の虐殺,弟サスケとの別れ,暁への加入,1,漫画,hard,,イタチは親友シスイの自殺を目撃したことで万華鏡写輪眼を開眼しました。最も親しい者の死が開眼条件でした。|うちは一族の虐殺はイタチが万華鏡写輪眼を開眼した後に実行した任務で、開眼のきっかけではありません。|サスケとの別れは虐殺後のことで、万華鏡開眼のきっかけではありません。イタチは既に開眼していました。|暁への加入も虐殺後のことで、万華鏡写輪眼開眼とは無関係です。シスイの死が開眼のきっかけでした。
「NARUTO」で尾獣の中で最も尾の数が多い「九尾」の本名はどれでしょうか？,九喇嘛（クラマ）,守鶴（シュカク）,磯撫（イソブ）,孫悟空（ソンゴクウ）,1,漫画,hard,,九尾の狐の本名は「九喇嘛（クラマ）」で、ナルトの体内に封印されていました。最終的にナルトの最良のパートナーとなります。|守鶴（シュカク）は一尾の尾獣で、砂を操る能力を持ちます。我愛羅に封印されていました。|磯撫（イソブ）は三尾の尾獣で、亀の姿をしています。かつて四代目水影やのはらリンに封印されていました。|孫悟空（ソンゴクウ）は四尾の尾獣で、猿の姿をしています。岩隠れの老紫に封印されていました。
日本で最も多く消費されている野菜はどれでしょうか？,たまねぎ,じゃがいも,にんじん,キャベツ,1,日常雑学,easy,,たまねぎは和洋中どの料理にも使える万能野菜で、日本の野菜消費量第1位です。保存性も高く、家庭に常備されています。|じゃがいもも消費量が多い野菜ですが、統計上はたまねぎに次ぐ第2位～3位です。主食代わりにもなる便利な食材です。|にんじんは彩りや栄養面で重要な野菜ですが、消費量ではたまねぎには及びません。カロテンが豊富です。|キャベツも日本で人気の野菜ですが、消費量のトップはたまねぎです。サラダや炒め物に使われます。
日本で最も売れている飲み物のジャンルとして正しいものはどれでしょうか？,緑茶飲料,炭酸飲料,スポーツドリンク,ミネラルウォーター,1,日常雑学,easy,,緑茶飲料は日本の食文化に根付いており、ペットボトル飲料市場で長年トップの売上を誇ります。健康志向も追い風です。|炭酸飲料も人気がありますが、日本では緑茶飲料の売上が上回っています。コーラやサイダーなど種類は豊富です。|スポーツドリンクは夏場や運動時に需要がありますが、年間を通した売上では緑茶飲料に及びません。|ミネラルウォーターも健康志向で伸びていますが、緑茶飲料がトップです。
「冷蔵庫の中で最も傷みにくい食材」として一般的に正しいものはどれでしょうか？,卵,牛乳,レタス,魚,1,日常雑学,easy,,卵は殻に守られており、冷蔵保存で2週間～1ヶ月程度持つため、比較的傷みにくい食材です。生食は賞味期限内に。|牛乳は開封後は数日で傷みやすく、未開封でも1週間程度が目安です。卵より傷みやすいです。|レタスなどの葉物野菜は水分が多く、冷蔵庫でも数日で鮮度が落ちます。早めの消費が必要です。|魚は特に傷みやすい食材で、冷蔵でも1～2日以内に調理する必要があります。生ものは注意が必要です。
日本のコンビニで最も多く販売される時間帯はどれ？,12時前後,朝7時〜9時,深夜1時〜3時,夕方17時〜19時,1,日常雑学,easy,,昼食需要が集中する12時前後（11時～14時）がコンビニの最大ピークタイムです。弁当やおにぎりがよく売れます。|朝7時～9時も通勤・通学客で混雑しますが、昼のピークには及びません。朝食需要があります。|深夜1時～3時は来客数が最も少ない時間帯です。24時間営業でも販売数は少ないです。|夕方17時～19時も帰宅ラッシュで混雑しますが、昼のピークほどではありません。
レジ袋が有料化された主な目的はどれでしょうか？,環境負荷の軽減,店舗の売上向上,消費税対策,万引き防止,1,日常雑学,normal,,2020年7月からレジ袋有料化が義務化され、プラスチックごみ削減と環境保護が主な目的です。海洋汚染対策にもなります。|店舗の売上向上は副次的な効果かもしれませんが、主目的は環境保護です。むしろ袋代徴収の手間が増えます。|消費税対策とは関係ありません。レジ袋有料化は環境政策として導入されました。|万引き防止は目的ではありません。環境負荷軽減とプラスチック削減が主な狙いです。
日本人が最も多く買う「お菓子のジャンル」として近年で多いのは？,チョコレート,ガム,グミ,クラッカー,1,日常雑学,normal,,チョコレートは全年代に愛され、バレンタインなど季節需要もあり、菓子類の売上で常にトップクラスです。|ガムはかつて人気でしたが、近年は売上が減少傾向にあります。マスク生活の影響もありました。|グミは若年層に人気が高まっていますが、全体の売上ではチョコレートに及びません。|クラッカーはスナック菓子の一種ですが、チョコレートほどの市場規模はありません。
スマートフォンで「バッテリーに最も悪い行為」として適切なのはどれ？,高温の場所で使用する,充電しながらゲームをしない,画面の明るさを最大にしない,アプリを頻繁に閉じない,1,日常雑学,normal,,リチウムイオンバッテリーは高温に非常に弱く、真夏の車内や直射日光下での使用は劣化を急速に進めます。|充電しながらのゲームはバッテリーに負担がかかりますが、高温ほど致命的ではありません。発熱には注意が必要です。|画面の明るさを最大にすると電池消費は早くなりますが、バッテリー寿命への直接的なダメージは高温ほどではありません。|アプリを頻繁に閉じることは実は効率が悪い場合があります。バッテリー劣化の主因は高温です。
「日本人が最もよく行く旅行先」として正しいものはどれ？,国内旅行,ヨーロッパ,南米,中東,1,日常雑学,normal,,日本人の旅行は圧倒的に国内旅行が多く、年間延べ数億人が国内を旅行します。言葉や文化の壁がなく気軽に楽しめます。|ヨーロッパは海外旅行先として人気がありますが、国内旅行と比べると行く人数は限られます。費用と時間が必要です。|南米は日本から最も遠い地域の一つで、旅行先としては非常にマイナーです。国内旅行とは比較になりません。|中東も日本人の旅行先としては少数派です。政情や文化の違いから、旅行者数は限定的です。
大人が1日に必要とする平均睡眠時間として最も一般的に推奨されるのは？,7〜8時間,5〜6時間,9〜10時間,4時間以下,1,日常雑学,hard,,医学的には成人に必要な睡眠時間は7～8時間とされ、認知機能や健康維持に最適とされています。個人差はあります。|5～6時間は睡眠不足の状態で、長期的には健康リスクが高まります。一部のショートスリーパー以外には不十分です。|9～10時間は過剰睡眠の可能性があり、逆に健康リスクが上がる場合があります。高齢者や病気の場合を除き長すぎます。|4時間以下は明らかに睡眠不足で、集中力低下や免疫力低下など様々な悪影響があります。健康的ではありません。
日本の平均寿命が世界トップクラスである主な理由として正しいものはどれ？,食生活と医療の発展,遺伝的要因のみ,運動量が極端に多いから,気候の影響,1,日常雑学,hard,,日本の長寿の要因は魚中心の食事、国民皆保険による医療へのアクセス、衛生環境の良さなど複合的な要素です。|遺伝的要因も一部ありますが、それだけでは説明できません。生活習慣や医療制度など環境要因が大きく影響しています。|日本人の平均的な運動量は世界的に見て特別多いわけではありません。むしろ座りがちな生活が問題視されています。|気候も一定の影響はありますが、長寿の主因ではありません。食生活と医療制度の充実が最大の要因です。
日本のGDP（国内総生産）を構成する要素の中で最も比率が高いのはどれでしょうか？,個人消費,政府支出,設備投資,輸出,1,経済・ビジネス,easy,,個人消費は日本のGDPの約55～60%を占める最大の構成要素で、経済の基盤となっています。家計の支出が景気を左右します。|政府支出もGDPの約20%を占める重要な要素ですが、個人消費には及びません。公共事業や社会保障などが含まれます。|設備投資は企業の生産能力向上のための投資で、GDPの約15%程度です。景気に敏感に反応する要素です。|輸出もGDPに貢献しますが、日本は内需主導型経済で、個人消費が最大の比率を占めます。
日本の中央銀行として正しい機関はどれでしょうか？,日本銀行,三井住友銀行,ゆうちょ銀行,農林中央金庫,1,経済・ビジネス,easy,,日本銀行（日銀）は1882年設立の中央銀行で、金融政策の実施、紙幣の発行、金融システムの安定を担います。|三井住友銀行は民間の大手都市銀行（メガバンク）で、中央銀行ではありません。一般企業や個人向けの金融サービスを提供します。|ゆうちょ銀行は郵政民営化で誕生した銀行ですが、中央銀行ではありません。貯金や送金などのサービスを提供しています。|農林中央金庫は農林水産業の協同組織金融機関で、中央銀行ではありません。JAなどの系統金融の中核です。
企業が利益を最大化するために重視する「売上 − 費用＝？」に入る言葉はどれでしょうか？,利益,資産,キャッシュフロー,負債,1,経済・ビジネス,easy,,利益は「売上−費用」で計算され、企業活動の成果を示す最も基本的な指標です。純利益や営業利益など種類があります。|資産は企業が保有する財産（現金、設備、在庫など）で、売上から費用を引いたものではありません。貸借対照表に記載されます。|キャッシュフローは現金の流れを示す指標で、利益とは異なります。現金収支のタイミングを重視した概念です。|負債は企業が返済すべき借金や債務で、売上−費用の計算結果ではありません。貸借対照表の負債の部に記載されます。
企業の「固定費」に該当するものとして最も適切なのは？,家賃,材料費,外注費,仕入れ原価,1,経済・ビジネス,easy,,家賃は売上の増減に関わらず毎月一定額が発生する典型的な固定費です。オフィスや店舗の賃料が該当します。|材料費は生産量に応じて変動する変動費です。製品を多く作れば材料費も増えるため、固定費ではありません。|外注費も仕事量に応じて変動する変動費が一般的です。委託する業務が増えれば外注費も増加します。|仕入れ原価は販売数量に応じて変動する変動費です。多く売れば仕入れも増えるため、固定費には分類されません。
日本の代表的な株価指数として正しいものはどれでしょうか？,日経平均株価,NYダウ,FTSE100,S&P500,1,経済・ビジネス,normal,,日経平均株価（日経225）は東京証券取引所の代表的な225銘柄の平均株価で、日本経済の動向を示す指標です。|NYダウ（ダウ工業株30種平均）はアメリカの代表的な株価指数で、日本の指数ではありません。|FTSE100はイギリス・ロンドン証券取引所の株価指数で、日本とは関係ありません。英国の大手100社で構成されます。|S&P500はアメリカの代表的な株価指数で、500社の株価を基に算出されます。日本の指数ではありません。
ビジネスで使われる「PDCAサイクル」のPは何を意味するでしょうか？,Plan（計画）,Process（工程）,Practice（実行）,Progress（進捗）,1,経済・ビジネス,normal,,PDCAサイクルは「Plan（計画）→Do（実行）→Check（評価）→Act（改善）」の継続的改善手法で、Pは計画を意味します。|Process（工程）はビジネス用語ですが、PDCAのPではありません。業務の流れや手順を指す言葉です。|Practice（実行）も重要ですが、PDCAのPはPlanです。実行はDo（D）に該当します。|Progress（進捗）は進み具合を示す言葉ですが、PDCAのPはPlan（計画）です。
為替レートにおいて「円高」が進むと一般的にどうなるでしょうか？,輸入品が安くなる,輸出企業の利益が増える,海外旅行が高くなる,円の価値が下がる,1,経済・ビジネス,normal,,円高は円の価値が上がることで、同じ円で多くの外貨が買えるようになり、輸入品の円換算価格が下がります。海外旅行も安くなります。|円高になると輸出品の外貨建て価格が上がり、輸出企業の競争力が低下して利益が減る傾向があります。|円高では海外旅行が安くなります。同じ円でより多くの外貨に交換できるため、現地での支出が割安になります。|円高は円の価値が「上がる」ことを意味します。例えば1ドル=150円→100円になることが円高です。
日本企業が決算時期として最も多く採用している月はどれでしょうか？,3月,6月,12月,9月,1,経済・ビジネス,normal,,日本企業の約7割が3月決算を採用しています。官公庁の会計年度（4月～翌3月）に合わせた慣習で、取引先との決算時期統一の利点もあります。|6月決算の企業もありますが少数派です。夏のボーナス時期と重なるため採用が限られます。|12月決算は欧米企業に多く、日本でも外資系企業や一部の企業が採用していますが、3月決算ほど多くありません。|9月決算は半期決算の節目として採用する企業もありますが、年度決算としては3月が圧倒的に多数です。
「インフレ」が進行した際、一般的に消費者が感じる影響として正しいものは？,物価が上昇する,物価が下落する,金利が必ず下がる,給与が自動的に増える,1,経済・ビジネス,hard,,インフレーション（インフレ）は継続的に物価が上昇する現象で、同じ金額で買える商品の量が減り、生活コストが上がります。|物価が下落するのはデフレーション（デフレ）で、インフレとは逆の現象です。長期化すると経済活動が停滞します。|インフレ時は通常、中央銀行が金利を上げて物価上昇を抑制しようとします。金利が必ず下がるわけではありません。|給与がインフレ率に応じて自動的に増えるわけではありません。物価上昇に賃金上昇が追いつかないと実質的な購買力が低下します。
企業が「固定費削減」を目指す主な理由として正しいものはどれでしょうか？,損益分岐点を下げるため,従業員を減らすため,資本金を増やすため,市場シェアを奪うため,1,経済・ビジネス,hard,,固定費を削減すると損益分岐点（売上=費用となる点）が下がり、少ない売上でも利益が出やすい体質になります。経営の安定性が向上します。|人件費削減は固定費削減の一手段ですが、目的ではなく手段です。真の目的は損益分岐点を下げて利益体質を強化することです。|固定費削減と資本金は直接関係ありません。資本金は株主からの出資額で、費用削減では増えません。|市場シェア拡大は固定費削減の直接的な目的ではありません。固定費削減の主目的は収益性の改善です。
インターネット接続に使われる「Wi-Fi」が意味する言葉として正しいものはどれでしょうか？,無線LAN規格,高速通信回線,光ファイバーの名称,スマホ専用通信,1,IT,easy,,Wi-Fiは無線LANの国際標準規格（IEEE 802.11）を示す一般名称で、ケーブルなしでインターネット接続できる技術です。|高速通信回線は光ファイバーやLTEなどを指しますが、Wi-Fiは無線LAN規格の名称で、回線そのものではありません。|光ファイバーは有線の高速通信回線技術で、Wi-Fiとは異なります。家庭やオフィスへの固定回線として使われます。|Wi-Fiはスマホ専用ではなく、パソコン、タブレット、IoT機器など様々なデバイスで使える汎用的な無線通信規格です。
スマートフォンで使われる「OS」の例として正しい組み合わせはどれでしょうか？,AndroidとiOS,ChromeとSafari,IntelとAMD,SQLとPython,1,IT,easy,,スマートフォンは主にGoogle開発のAndroidとApple開発のiOSという2大オペレーティングシステムで動作します。|ChromeとSafariはWebブラウザ（アプリ）で、OSではありません。ChromeはGoogle製、SafariはApple製のブラウザです。|IntelとAMDはCPU（プロセッサー）の製造メーカーで、OSではありません。パソコン向けのチップを作る会社です。|SQLはデータベース言語、Pythonはプログラミング言語で、どちらもOSではありません。ソフトウェア開発に使われます。
コンピュータの記憶装置で、電源を切ってもデータが残るものは？,SSD,メモリ（RAM）,キャッシュ,レジスタ,1,IT,easy,,SSD（ソリッドステートドライブ）やHDDなどのストレージは不揮発性メモリで、電源オフでもデータを保持します。写真や文書を保存します。|メモリ（RAM）は揮発性で、電源を切るとデータが消えます。一時的な作業領域として高速にデータを読み書きします。|キャッシュもRAMの一種で揮発性メモリです。CPUとメモリ間の速度差を埋めるための高速な一時記憶領域です。|レジスタはCPU内部の超高速な一時記憶領域で揮発性です。電源を切るとデータは消えます。
フィッシング詐欺の主な手口として適切なのは？,偽メールや偽サイトへ誘導し情報を盗む,Wi-Fiを高速化する,ウイルスの駆除を行う,自動的にパスワードを作成する,1,IT,easy,,フィッシング詐欺は銀行やECサイトを装った偽メールで偽サイトに誘導し、IDやパスワード、クレジットカード情報を盗む犯罪手法です。|Wi-Fi高速化はフィッシングとは無関係です。むしろ「Wi-Fiを高速化する」という名目で詐欺アプリをインストールさせる手口もあります。|ウイルス駆除はセキュリティ対策で、フィッシング詐欺ではありません。逆に「ウイルスが検出されました」という偽警告で詐欺サイトに誘導する手口があります。|パスワード自動生成は正当なセキュリティ機能で、詐欺手法ではありません。むしろ強力なパスワード作成に役立ちます。
「クラウドサービス」に該当するものとして最も適切なのは？,Google Drive,A4プリンター,USBメモリ,家庭用ルーター,1,IT,normal,,Google DriveはインターネットI経由でファイルを保存・共有できるクラウドストレージサービスです。どこからでもアクセス可能です。|A4プリンターは物理的なハードウェア機器で、クラウドサービスではありません。紙に印刷する周辺機器です。|USBメモリは物理的な外部記憶装置で、クラウドではなくローカルストレージです。持ち運びが必要です。|家庭用ルーターはネットワーク機器で、インターネット接続を家庭内で分配する装置です。クラウドサービスではありません。
Webサイトにアクセスする際に使用する「URL」の正式名称はどれでしょうか？,Uniform Resource Locator,Universal Link Resource,Unified Router Link,User Route Listing,1,IT,normal,,URLはUniform Resource Locator（統一資源位置指定子）の略で、インターネット上の資源（Webページなど）の場所を示す標準表記法です。|Universal Link ResourceはURLらしい響きですが、正式な用語ではありません。正しくはUniform Resource Locatorです。|Unified Router LinkはURLの略としては不正確です。ルーター（Router）はネットワーク機器を指す言葉です。|User Route ListingもURLに似た響きですが正しくありません。URLはUniform Resource Locatorが正式名称です。
企業でよく使われる「VPN」の主な目的として正しいものは？,安全な通信経路を確保する,スマホの速度を上げる,広告の表示を減らす,印刷設定を改善する,1,IT,normal,,VPN（Virtual Private Network）は暗号化された仮想専用回線を構築し、外部から社内ネットワークへ安全に接続する技術です。テレワークで重要です。|VPNは速度向上が目的ではなく、セキュリティが目的です。むしろ暗号化処理により若干速度が低下する場合があります。|広告ブロックはVPNの主目的ではありません。一部のVPNサービスに広告ブロック機能がある場合もありますが、本来の目的は安全な通信です。|印刷設定とVPNは無関係です。VPNは通信経路の暗号化とプライバシー保護が主な目的です。
IT用語の「アルゴリズム」とはどのような意味でしょうか？,問題を解く手順や方法,通信速度の規格,ハードウェアの種類,インターネット回線の名称,1,IT,normal,,アルゴリズムは問題を解決するための明確な手順や計算方法のことです。プログラミングやAIの基礎となる概念です。|通信速度の規格は5GやLTEなどを指しますが、アルゴリズムとは異なります。アルゴリズムは処理手順のことです。|ハードウェアはCPUやメモリなどの物理的な機器を指します。アルゴリズムはソフトウェア的な概念で、処理手順を意味します。|インターネット回線の名称（光ファイバーなど）とアルゴリズムは無関係です。アルゴリズムは問題解決の手順を指します。
パスワード管理において最も危険とされる行為はどれでしょうか？,同じパスワードを複数サービスで使い回す,12文字以上にする,英数字を混在させる,定期的に変更する,1,IT,hard,,パスワードの使い回しは、一つのサービスから情報が漏洩すると他のサービスにも不正アクセスされる「芋づる式被害」のリスクが極めて高く、最も危険です。|12文字以上の長いパスワードは推奨される安全な対策です。長ければ総当たり攻撃に強くなります。|英数字を混在させるのは安全性を高める推奨方法です。さらに記号も混ぜるとより強固になります。|定期的な変更は従来推奨されていましたが、最近は「強力なパスワードを使い回さない」方が重要とされています。変更自体は悪い行為ではありません。
「ビッグデータ」の活用例として最も適切なのはどれでしょうか？,購買履歴から需要予測を行う,紙の帳簿を整理する,手書き文字を練習する,電卓で計算する,1,IT,hard,,ビッグデータは膨大な購買履歴やアクセスログを分析し、需要予測、顧客行動分析、マーケティング最適化などに活用されます。AIと組み合わせて使われます。|紙の帳簿整理はアナログ作業で、ビッグデータとは無関係です。ビッグデータはデジタルの大量データを扱う技術です。|手書き文字の練習は個人的なスキル習得で、ビッグデータの活用例ではありません。|電卓での計算は小規模な数値処理で、ビッグデータとは規模が全く異なります。ビッグデータは数百万～数億件のデータを扱います。
化粧品の「BB クリーム」のBBは何の略でしょうか？,Blemish Balm,Beauty Base,Bright Beauty,Best Balance,1,女性向け雑学,easy,,BBクリームは「Blemish Balm（ブレミッシュバーム）」の略で、「傷を隠す軟膏」を意味します。ドイツの皮膚科で生まれ、韓国で人気化した多機能化粧下地です。|Beauty Baseは覚えやすい名称ですが、BBクリームの正式な由来ではありません。下地としての機能は持っていますが、正しくはBlemish Balmです。|Bright Beautyも響きは良いですが、BBクリームの正式な略称ではありません。正解はBlemish Balm（傷を隠すバーム）です。|Best Balanceという意味ではなく、Blemish Balm（傷を隠すバーム）が正しい由来です。医療用コスメから派生した製品です。
ネイルケアで「甘皮」を英語で表現する際に使われる用語はどれでしょうか？,キューティクル,エナメル,マニキュア,ポリッシュ,1,女性向け雑学,easy,,甘皮は英語で「cuticle（キューティクル）」と呼ばれます。爪の根元を保護する薄い皮膚で、ネイルケアで処理する部位です。|エナメル（enamel）は爪の表面を覆う硬い層のことで、甘皮ではありません。爪そのものの構成要素です。|マニキュア（manicure）は爪の手入れや爪に塗る化粧品のことで、甘皮を指す用語ではありません。|ポリッシュ（polish）はネイルラッカー（マニキュア液）のことで、甘皮とは異なります。爪に色をつける化粧品です。
女性ファッション誌「ViVi」「non-no」「CanCam」の出版社はどれでしょうか？,小学館,講談社,集英社,光文社,1,女性向け雑学,easy,,ViVi、non-no、CanCamの3誌はすべて小学館が発行する人気女性ファッション誌です。20代女性をターゲットにしています。|講談社は「ViVi」などを発行していますが、non-noとCanCamは小学館です。講談社は「with」「VOCE」などを発行しています。|集英社は「non-no」などを発行していますが、ViViとCanCamは小学館です。集英社は「Seventeen」「Marisol」などを発行しています。|光文社は「JJ」「VERY」などのファッション誌を発行していますが、ViVi、non-no、CanCamは小学館の雑誌です。
スキンケアで「朝用と夜用で使い分ける」ことが推奨されている化粧品はどれでしょうか？,乳液・クリーム,洗顔料,化粧水,美容液,1,女性向け雑学,normal,,乳液・クリームは朝用（UV対策・メイク下地機能）と夜用（高保湿・栄養補給）で機能が異なる製品が多く、使い分けが推奨されます。|洗顔料は基本的に朝夜同じものを使用できます。一部「朝用洗顔」として軽めの製品もありますが、必須の使い分けではありません。|化粧水も朝夜で同じものを使うのが一般的です。肌の水分補給という基本機能は時間帯で変わりません。|美容液も朝夜同じものを使えますが、一部ビタミンC美容液など朝は避けた方が良い成分もあります。ただし乳液・クリームほど明確な使い分け文化はありません。
ダイエット用語で「PFC バランス」のPFCが指す3大栄養素はどれでしょうか？,タンパク質・脂質・炭水化物,ビタミン・食物繊維・カルシウム,タンパク質・ビタミン・炭水化物,脂質・食物繊維・カルシウム,1,女性向け雑学,normal,,PFCはProtein（タンパク質）・Fat（脂質）・Carbohydrate（炭水化物）の略で、エネルギー源となる3大栄養素です。バランスよく摂取することが健康的なダイエットの鍵です。|ビタミン・食物繊維・カルシウムは重要な栄養素ですが、PFCバランスには含まれません。これらは微量栄養素やミネラルに分類されます。|ビタミンは3大栄養素ではなく、補助的な栄養素です。PFCはタンパク質・脂質・炭水化物を指します。|食物繊維とカルシウムはPFCに含まれません。PFCは体のエネルギー源となる3大栄養素（タンパク質・脂質・炭水化物）を指します。
「パーソナルカラー診断」で一般的に使われる4つの季節タイプに含まれないものはどれでしょうか？,ミッドナイト,スプリング,サマー,ウィンター,1,女性向け雑学,normal,,パーソナルカラーは「Spring（春）・Summer（夏）・Autumn（秋）・Winter（冬）」の4シーズンで分類されます。ミッドナイトは含まれません。|スプリング（春）タイプは明るく鮮やかな暖色系が似合うパーソナルカラーです。イエローベースの一つです。|サマー（夏）タイプは柔らかく上品な寒色系が似合うパーソナルカラーです。ブルーベースの一つです。|ウィンター（冬）タイプははっきりとしたコントラストのある色が似合うパーソナルカラーです。ブルーベースの一つです。
ヘアケア用語で「トリートメント」と「コンディショナー」の主な違いはどれでしょうか？,髪内部に浸透するか表面を整えるか,使用する順番,価格帯,香りの強さ,1,女性向け雑学,normal,,トリートメントは髪の内部に栄養成分を浸透させてダメージを補修し、コンディショナーは髪の表面をコーティングして滑らかに整えます。|使用順番は「シャンプー→トリートメント→コンディショナー」が理想ですが、これは主な違いではなく、浸透vs表面コートが本質的な違いです。|価格帯はブランドや製品によって様々で、主な違いではありません。安価なトリートメントも高価なコンディショナーも存在します。|香りの強さは製品ごとに異なり、トリートメントとコンディショナーの本質的な違いではありません。機能の違いが重要です。
高級化粧品ブランド「エスティ ローダー」が最初に発売したヒット商品はどれでしょうか？,クリーム,口紅,香水,ファンデーション,1,女性向け雑学,hard,,エスティ ローダーは1946年に4種類のスキンケアクリーム（クレンジングクリーム、スキンローション、クリームパック、オールパーパスクリーム）から事業をスタートしました。|口紅も後に人気商品となりましたが、最初のヒット商品はスキンケアクリームでした。メイクアップよりスキンケアが先でした。|香水もエスティ ローダーの有名商品ですが、創業時の製品ではありません。「Youth Dew」などの香水は後に発売されました。|ファンデーションも後に展開しましたが、創業時の製品は4種類のクリームでした。スキンケアから始まったブランドです。
ファッション用語「アンサンブル」が本来指すものとして正しいのはどれでしょうか？,上下や重ね着の組み合わせ,大きめのバッグ,派手な柄の服,靴とバッグのセット,1,女性向け雑学,hard,,アンサンブルはフランス語で「調和・一緒に」を意味し、ファッションでは同じ素材や色で統一された上着とスカート/ワンピースなど、セットで着る服の組み合わせを指します。|大きめのバッグは「トートバッグ」などと呼ばれ、アンサンブルとは無関係です。アンサンブルは服の組み合わせを指します。|派手な柄の服は「プリント柄」「派手系」などと呼ばれますが、アンサンブルではありません。アンサンブルは調和のとれた組み合わせを意味します。|靴とバッグのセットは「コーディネート」の一部ですが、アンサンブルは特に服（上下や重ね着）の調和のとれた組み合わせを指します。
美容皮膚科で行われる「ダーマペン」の主な目的はどれでしょうか？,肌の再生を促す,脂肪を溶かす,毛を脱毛する,シミを漂白する,1,女性向け雑学,hard,,ダーマペンは微細な針で肌に無数の小さな穴を開け、肌の自然治癒力を利用してコラーゲンやエラスチンの生成を促進し、ニキビ跡や毛穴の改善を図る治療法です。|脂肪を溶かすのは「脂肪溶解注射」や「ハイフ（HIFU）」などの施術で、ダーマペンの目的ではありません。|毛を脱毛するのは「レーザー脱毛」や「光脱毛」などの施術で、ダーマペンとは異なります。ダーマペンは肌の再生が目的です。|シミを漂白するのは「ハイドロキノン」などの美白剤や「レーザー治療」で、ダーマペンの直接的な目的ではありません。ダーマペンは肌の再生促進が主目的です。
日本の国旗「日の丸」の正式名称はどれでしょうか？,日章旗,旭日旗,太陽旗,日輪旗,1,一般教養,easy,,日の丸の正式名称は「日章旗（にっしょうき）」で、1999年の国旗国歌法で法的に定められました。白地に赤い円（日章）を配したシンプルなデザインです。|旭日旗（きょくじつき）は太陽から光線が放射状に広がるデザインの旗で、かつて軍旗として使用されました。日の丸とは異なります。|太陽旗という正式名称は存在しません。日本国旗の正式名称は日章旗です。|日輪旗という呼称もありますが、正式名称は日章旗です。法律で定められた名称を使うのが正確です。
1年は何日でしょうか？（平年の場合）,365日,360日,366日,364日,1,一般教養,easy,,地球が太陽の周りを1周する期間は約365.24日で、平年は365日、4年に1度のうるう年は366日となります。|360日は1年を簡易的に計算する際（1ヶ月30日×12ヶ月）に使われることがありますが、実際の1年は365日です。|366日はうるう年の日数です。4年に1度、2月が29日まである年がうるう年になります。平年は365日です。|364日は7の倍数（52週×7日）ですが、実際の1年は365日です。1日多くなります。
日本の首都として正しいものはどれでしょうか？,東京,東京都,東京23区,東京市,1,一般教養,easy,,日本の首都は「東京」です。明治維新後、江戸から東京に改称され、事実上の首都となりました。法律上の明文規定はありませんが、慣習的に首都とされています。|「東京都」は行政区画の名称で、首都を指す場合は単に「東京」と言います。東京都には23区以外に市町村も含まれます。|東京23区は東京都の一部で、首都そのものを指す言葉ではありません。23区は旧東京市の範囲です。|東京市は1943年まで存在した行政区画で、現在は廃止されています。現在の首都は「東京」です。
富士山がまたがる都道府県の組み合わせとして正しいものはどれでしょうか？,静岡県と山梨県,静岡県と神奈川県,山梨県と長野県,静岡県と長野県,1,一般教養,normal,,富士山（標高3776m）は静岡県と山梨県にまたがる日本最高峰の山です。山頂は両県の境界上にあります。世界文化遺産に登録されています。|神奈川県からも富士山はよく見えますが、富士山本体は静岡県と山梨県にまたがっており、神奈川県には含まれません。|長野県は富士山から離れており、富士山は山梨県と静岡県の境界にあります。長野県には日本アルプスなど他の名峰があります。|静岡県は正しいですが、もう一方は長野県ではなく山梨県です。富士山は静岡県と山梨県の県境にあります。
日本の三権分立における三権に含まれないものはどれでしょうか？,行政・立法・司法,立法・司法・検察,行政・立法・検察,司法・行政・警察,1,一般教養,normal,,日本の三権分立は「立法権（国会）」「行政権（内閣）」「司法権（裁判所）」の3つで構成され、互いに抑制と均衡を保ちます。これが正しい三権です。|検察は行政権の一部（法務省の下）であり、独立した権力ではありません。三権は立法・行政・司法です。|検察は独立した権力ではなく行政権の一部です。三権分立は立法・行政・司法の3つです。|警察も行政権の一部であり、独立した権力ではありません。三権分立は立法・行政・司法で構成されます。
日本で最も長い川はどれでしょうか？,信濃川,利根川,石狩川,木曽川,1,一般教養,normal,,信濃川は新潟県と長野県を流れる全長367kmの日本最長の川です。長野県内では千曲川と呼ばれます。|利根川は関東平方を流れる全長322kmの川で、日本第2位の長さです。流域面積は日本最大ですが、長さでは信濃川に次ぎます。|石狩川は北海道を流れる全長268kmの川で、日本第3位の長さです。北海道では最長ですが、全国では信濃川が最長です。|木曽川は長野県・岐阜県・愛知県を流れる全長229kmの川です。日本三大急流の一つですが、最長は信濃川です。
「春の七草」に含まれないものはどれでしょうか？,つくし,せり,なずな,ごぎょう,1,一般教養,normal,,春の七草は「せり・なずな・ごぎょう・はこべら・ほとけのざ・すずな・すずしろ」の7種で、つくし（土筆）は含まれません。つくしは春の風物詩ですが七草ではありません。|せり（芹）は春の七草の一つで、1月7日の七草粥に入れられます。水田や湿地に自生する香味野菜です。|なずな（薺）も春の七草の一つで、別名「ぺんぺん草」として知られます。七草粥の定番食材です。|ごぎょう（御形）も春の七草の一つで、別名「母子草」と呼ばれます。七草粥に使われる野草です。
ノーベル賞に存在しない部門はどれでしょうか？,数学賞,物理学賞,化学賞,文学賞,1,一般教養,hard,,ノーベル賞は「物理学・化学・生理学医学・文学・平和・経済学」の6部門で、数学賞は存在しません。数学にはフィールズ賞などの別の権威ある賞があります。|物理学賞はノーベル賞の創設時からある部門の一つです。物理学の画期的な発見に対して授与されます。|化学賞もノーベル賞の元々の5部門の一つです。化学分野の優れた研究に対して授与されます。|文学賞もノーベル賞の創設時からある部門です。文学作品に対して授与され、日本人も2名受賞しています（川端康成、大江健三郎）。
「イグノーベル賞」の「イグ」が意味するものとして正しいのはどれでしょうか？,ignobel（不名誉な）,ignore（無視する）,ignorant（無知な）,ignite（点火する）,1,一般教養,hard,,イグノーベル賞のイグ(Ig)は「ignoble（不名誉な）」から来ており、ノーベル賞のパロディです。「人々を笑わせ、そして考えさせる研究」に贈られ、日本人も多数受賞しています。|ignore（無視する）は似た綴りですが、イグノーベル賞の由来ではありません。正しくはignoble（不名誉な）です。|ignorant（無知な）も似ていますが、イグノーベル賞の語源ではありません。ignoble（不名誉な）とノーベルの造語です。|ignite（点火する）はイグニッションなどで使われますが、イグノーベル賞とは無関係です。正解はignoble（不名誉な）です。
日本の元号で最も長く使われたのはどれでしょうか？,昭和,明治,平成,大正,1,一般教養,hard,,昭和は1926年12月25日から1989年1月7日まで62年と14日間続き、日本史上最長の元号です。戦前・戦中・戦後の激動の時代でした。|明治は1868年から1912年まで45年間続き、2番目に長い元号です。近代化が進んだ時代でした。|平成は1989年から2019年まで31年間続きました。昭和や明治より短い元号です。|大正は1912年から1926年まで15年間と最も短い近代の元号です。大正デモクラシーの時代として知られます。
「憂慮」の読みとして正しいものはどれ？,ゆうりょ,うりょ,ゆうりゅう,ゆうろ,1,SPI,easy,,「憂慮（ゆうりょ）」は「心配する、不安に思う」という意味の言葉です。「憂」は「うれえる」、「慮」は「おもんぱかる」と読みます。|「うりょ」という読み方は存在しません。正しくは「ゆうりょ」です。|「ゆうりゅう」という読み方は誤りです。「慮」を「りゅう」とは読みません。正しくは「ゆうりょ」です。|「ゆうろ」という読み方も誤りです。「慮」は「りょ」と読みます。正しくは「ゆうりょ」です。
「顕著」の意味として最も適切なものはどれ？,はっきりと目立っている,隠されている,やや目立つ,全く見えない,1,SPI,easy,,「顕著（けんちょ）」は「明白で誰の目にも明らかなほど目立っている」という意味です。変化や特徴がはっきりしている様子を表します。|「隠されている」は顕著の反対の意味です。顕著は明らかに見える状態を指します。|「やや目立つ」では程度が弱すぎます。顕著は「はっきりと」目立つことを意味します。|「全く見えない」は顕著の完全に逆の意味です。顕著は明白に見える状態を指します。
次の語句の使い方として最も適切なものはどれか。「拘泥」,細かいことに拘泥する,友人に拘泥する,時間を拘泥する,駅に拘泥する,1,SPI,easy,,「拘泥（こうでい）」は「細かいことにこだわって、とらわれる」という意味です。「細かいことに拘泥する」は正しい使い方です。|「友人に拘泥する」は誤用です。拘泥は人に対してではなく、物事や考えにこだわる際に使います。|「時間を拘泥する」は誤用です。時間に関しては「拘泥する」ではなく「費やす」などを使います。|「駅に拘泥する」は誤用です。場所に対して拘泥は使いません。拘泥は考えや細部へのこだわりを表します。
次の四字熟語の意味として正しいものはどれか。「一石二鳥」,一つの行為で二つの利益を得る,一度に二羽の鳥を捕まえる技術,非常に困難なこと,協力して物事を成し遂げる,1,SPI,normal,,「一石二鳥」は一つの行動で同時に二つの目的を達成したり、二つの利益を得ることを意味する四字熟語です。効率的な行動を表します。|「一度に二羽の鳥を捕まえる技術」は字面通りの意味ですが、四字熟語としては比喩的に「一つで二つの利益」を意味します。|「非常に困難なこと」は一石二鳥の意味ではありません。むしろ効率的で良いことを指します。|「協力して物事を成し遂げる」は別の四字熟語（例：協心戮力）の意味です。一石二鳥は一つで二つの効果を得ることです。
次の慣用句の意味として正しいものはどれか。「釘を刺す」,念を押して警告する,物を固定する,怪我をさせる,約束を破る,1,SPI,normal,,「釘を刺す」は「念を押して警告する、後で言い訳できないよう前もって注意する」という意味の慣用句です。|「物を固定する」は釘の物理的な使い方で、慣用句としての意味ではありません。慣用句では「念押し・警告」の意味です。|「怪我をさせる」は釘で刺す物理的行為を連想させますが、慣用句の意味は「警告する」です。|「約束を破る」は釘を刺すの意味ではありません。むしろ釘を刺すのは約束を守らせるための念押しです。
「冗長」の対義語として最も適切なものはどれ？,簡潔,詳細,明瞭,丁寧,1,SPI,normal,,「冗長（じょうちょう）」は「無駄が多く長すぎる」という意味で、対義語は「簡潔（かんけつ）」=「無駄がなく短くまとまっている」です。|「詳細」は細かく詳しいという意味で、冗長に近い概念です。対義語ではなく類義的な要素があります。|「明瞭」は「はっきりしている」という意味で、長さとは関係ありません。冗長の対義語は簡潔です。|「丁寧」は「ていねいで注意深い」という意味で、長さとは無関係です。冗長の対義語は簡潔です。
次の語句の意味として最も適切なものはどれか。「逡巡」,ためらうこと,急いで進むこと,後ろに下がること,横に動くこと,1,SPI,normal,,「逡巡（しゅんじゅん）」は「決断をためらい、ぐずぐずして進まないこと」を意味します。迷って前に進めない心理状態を表します。|「急いで進むこと」は逡巡の反対の意味です。逡巡はためらって進まないことを指します。|「後ろに下がること」は物理的な動作ですが、逡巡は心理的なためらいを指します。|「横に動くこと」も物理的動作で、逡巡の意味ではありません。逡巡は決断をためらう心理状態です。
次の文章で使われている語句の意味が誤っているものはどれ？,彼の態度は傍若無人だ,計画が破綻した,会議が紛糾した,意見が合致した,1,SPI,hard,,実はこの問題では全ての選択肢が正しい使い方をしています。「傍若無人」は「周囲を無視して勝手に振る舞う」で正しい使用です。SPIでは「誤っているものはどれ」という引っかけ問題があります。|「計画が破綻した」は「計画が失敗した、破たんした」という正しい使い方です。|「会議が紛糾した」は「会議が混乱してまとまらなくなった」という正しい使い方です。|「意見が合致した」は「意見が一致した」という正しい使い方です。
次の類義語の組み合わせとして誤っているものはどれ？,懸念↔安心,憂慮↔心配,危惧↔懸念,不安↔心配,1,SPI,hard,,「懸念」と「安心」は対義語（反対語）であり、類義語（似た意味の語）ではありません。懸念は心配を意味し、安心はその反対です。|「憂慮」と「心配」は類義語です。どちらも「心配する、不安に思う」という似た意味を持ちます。|「危惧」と「懸念」は類義語です。どちらも「心配する、恐れる」という似た意味を持ちます。|「不安」と「心配」は類義語です。どちらも「心が落ち着かない、気がかり」という似た意味を持ちます。
四字熟語「呉越同舟」の意味として最も適切なものはどれ？,敵同士が協力する,仲の良い者同士が旅をする,一人で困難に立ち向かう,多くの人が集まる,1,SPI,hard,,「呉越同舟（ごえつどうしゅう）」は「敵対関係にある者同士が、同じ災難や利害に遭遇して協力せざるを得ない状況」を意味します。中国の呉と越の故事に由来します。|「仲の良い者同士が旅をする」は呉越同舟の意味ではありません。むしろ敵同士が協力する状況を指します。|「一人で困難に立ち向かう」は呉越同舟とは無関係です。呉越同舟は敵同士が協力する状況を表します。|「多くの人が集まる」だけでは呉越同舟の意味になりません。重要なのは「敵同士が協力する」という点です。
日本の初代内閣総理大臣は誰でしょうか？,伊藤博文,大隈重信,西郷隆盛,板垣退助,1,日本史,easy,,伊藤博文は1885年に日本初の内閣総理大臣に就任し、明治政府の中心人物として憲法制定などに尽力しました。4度も総理大臣を務めています。|大隈重信は第8代・第17代の内閣総理大臣で、早稲田大学の創設者としても知られますが、初代ではありません。|西郷隆盛は明治維新の三傑の一人ですが、総理大臣にはなっていません。西南戦争で新政府に反旗を翻しました。|板垣退助は自由民権運動の指導者で「板垣死すとも自由は死せず」の名言で知られますが、総理大臣にはなっていません。
江戸幕府を開いた人物は誰でしょうか？,徳川家康,織田信長,豊臣秀吉,武田信玄,1,日本史,easy,,徳川家康は1603年に江戸幕府を開き、約260年続く江戸時代の基礎を築きました。関ヶ原の戦いで勝利した後、征夷大将軍に任命されました。|織田信長は天下統一を目指しましたが、本能寺の変で倒れ、幕府を開くには至りませんでした。安土桃山時代の武将です。|豊臣秀吉は信長の後を継いで天下統一を果たしましたが、幕府は開かず関白として政権を握りました。江戸幕府の前の時代です。|武田信玄は戦国時代の有力な戦国大名で「風林火山」で知られますが、天下統一や幕府開設には至りませんでした。
日本で最初に世界遺産に登録された文化財はどれでしょうか？,法隆寺,清水寺,金閣寺,東大寺,1,日本史,easy,,法隆寺は姫路城とともに1993年に日本初の世界遺産（文化遺産）に登録されました。世界最古の木造建築群として知られています。|清水寺は1994年に「古都京都の文化財」の一部として世界遺産に登録されましたが、法隆寺より1年遅れです。|金閣寺も1994年に「古都京都の文化財」として世界遺産に登録されました。法隆寺が最初です。|東大寺は1998年に「古都奈良の文化財」として世界遺産に登録されました。法隆寺より5年遅れです。
明治維新のきっかけとなった1868年の出来事は何でしょうか？,王政復古の大号令,大政奉還,廃藩置県,版籍奉還,1,日本史,normal,,王政復古の大号令は1868年1月3日に発せられ、天皇を中心とした新政府の樹立を宣言しました。これにより明治新政府が正式に成立しました。|大政奉還は1867年10月に行われた出来事で、徳川慶喜が政権を朝廷に返上しましたが、これは明治維新の前段階です。|廃藩置県は1871年に行われた改革で、藩を廃止して県を設置しました。明治維新後の政策です。|版籍奉還は1869年に行われた改革で、大名が土地と人民を天皇に返上しました。明治維新後の政策で、きっかけではありません。
「鎖国」政策を行っていた江戸時代、貿易が許されていた外国はどれでしょうか？,オランダと中国,イギリスとフランス,スペインとポルトガル,アメリカとロシア,1,日本史,normal,,江戸幕府はオランダと中国（清）とのみ、長崎の出島で限定的な貿易を行っていました。オランダは唯一のヨーロッパ貿易国でした。|イギリスとフランスは鎖国時代には日本との公式な貿易関係はありませんでした。開国後に貿易が始まります。|スペインとポルトガルは江戸時代初期にキリスト教布教を理由に貿易を禁止されました。鎖国政策の対象国です。|アメリカとロシアは江戸時代後期に開国を迫りましたが、鎖国時代には公式な貿易関係はありませんでした。
1867年に江戸幕府最後の将軍・徳川慶喜が政権を朝廷に返したことを何というでしょうか？,大政奉還,廃藩置県,版籍奉還,王政復古,1,日本史,normal,,大政奉還は1867年10月14日に第15代将軍・徳川慶喜が政権を朝廷に返上した出来事で、約260年続いた江戸幕府の終焉の始まりでした。|廃藩置県は1871年の改革で、藩を廃止して府県制度を確立しました。大政奉還より後の政策です。|版籍奉還は1869年の改革で、藩主が土地（版）と人民（籍）を天皇に返上しました。大政奉還とは異なる政策です。|王政復古の大号令は1868年1月に発せられ、大政奉還の後に行われた天皇中心の新政府樹立宣言です。
太平洋戦争で日本が降伏したのは何年でしょうか？,1945年,1941年,1943年,1950年,1,日本史,normal,,1945年8月15日、昭和天皇の玉音放送により日本はポツダム宣言を受諾し、太平洋戦争（第二次世界大戦）が終結しました。|1941年は太平洋戦争が開戦した年です。12月8日の真珠湾攻撃により戦争が始まりました。降伏は1945年です。|1943年は戦争の途中で、まだ日本は降伏していません。この年にアッツ島玉砕などがありました。|1950年は朝鮮戦争が始まった年で、太平洋戦争の降伏とは無関係です。日本の降伏は1945年です。
平安時代に「源氏物語」を書いた作者は誰でしょうか？,紫式部,清少納言,小野小町,和泉式部,1,日本史,hard,,紫式部は平安時代中期（11世紀初頭）に「源氏物語」を執筆しました。世界最古の長編小説とも評される日本文学の最高傑作です。|清少納言は「枕草子」の作者で、紫式部と同時代を生きた女流作家です。源氏物語の作者ではありません。|小野小町は平安時代前期の歌人で六歌仙の一人ですが、源氏物語の作者ではありません。和歌で有名な美女として知られます。|和泉式部も平安時代中期の歌人で、紫式部と同時代ですが、源氏物語の作者ではありません。恋愛歌で知られる歌人です。
室町幕府の3代将軍・足利義満が建てた金閣寺の正式名称はどれでしょうか？,鹿苑寺,慈照寺,銀閣寺,相国寺,1,日本史,hard,,金閣寺の正式名称は鹿苑寺（ろくおんじ）で、舎利殿が金箔で覆われているため金閣と呼ばれます。1397年に足利義満が建立しました。|慈照寺（じしょうじ）は銀閣寺の正式名称です。8代将軍・足利義政が建てました。金閣寺とは別の寺です。|銀閣寺は慈照寺の通称で、金閣寺（鹿苑寺）とは異なります。銀閣は実際には銀箔が貼られていません。|相国寺（しょうこくじ）は足利義満が建てた別の寺で、金閣寺・銀閣寺の本山です。金閣寺の正式名称は鹿苑寺です。
幕末に結ばれた「日米修好通商条約」の問題点として正しいものはどれでしょうか？,関税自主権がない不平等条約,日本に有利な平等条約,軍事同盟を結ぶ内容,貿易を完全に禁止する内容,1,日本史,hard,,日米修好通商条約（1858年）は関税自主権がなく、領事裁判権を認める不平等条約でした。この改正が明治政府の重要課題となり、完全改正は1911年まで要しました。|この条約は日本に不利な不平等条約で、平等条約ではありません。関税自主権や領事裁判権の欠如が大きな問題でした。|軍事同盟の内容は含まれていません。これは通商・外交関係を定める条約で、貿易の自由化が主な内容です。|貿易を禁止するのではなく、逆に開国して貿易を行う内容です。5つの港を開港し、自由貿易を認めました。